code_insee,commune
05007,Arvieux
05031,Champcella
05038,Château Ville Vieille
05058,Freissinières
05101,Vallouise-Pelvoux
05151,Saint-MArtin de Q.
05157,Saint-Véran
05180,Les Vigneaux
30005,Aiguèze
30014,Arpaillargues-et-Aureilhac
30028,Bagnols-sur-Cèze
30070,Carsan
30076,Cavillargues
30081,Chusclan
30084,Codolet
30092,Connaux
30096,Cornillon
30115,Fontarèches
30131,Goudargues
30134,Issirac
30031,La Bastide d'Engras
30222,La Roque-sur-Cèze
30141,Laudun L'Ardoise
30143,Laval Saint-Roman
30124,Le Garn
30196,Le Pin
30149,Lirac
30175,Montclus
30178,Montfaucon
30184,Moussac
30191,Orsan
30202,Pont Saint-Esprit
30209,Pujaut
30225,Sabran
30226,Saint-Alexandre
30232,Saint-André d'Olérargues
30230,Saint-André de Roquepertuis
30242,Saint-Christol de Rodières
30251,Saint-Etienne des Sorts
30254,Saint-Geniès de Comolas
30256,Saint-Gervais
30273,Saint-Julien de Peyrolas
30277,Saint-Laurent de Carnols
30278,Saint-Laurent des Arbres
30282,Saint-Marcel de Careiret
30288,Saint-Nazaire
30355,Saint-Paul les Fonts
30290,Saint-Paulet de Caisson
30292,Saint-Pons la Calm
30302,Saint-Victor la Coste
30304,Salazac
30331,Tresques
30342,Vénéjan
30343,Verfeuil
81009,Amarens
81012,Andillac
81020,Aussac
81043,Busque
81046,Cadalen
81051,Cahuzac-sur-Vère
81056,Campagnac
81061,Castanet
81064,Castelnau-de-Montmirail
81067,Cestayrols
81080,Donnazac
81087,Fayssac
81090,Fénols
81093,Florentin
81095,Frausseilles
81099,Gaillac
81106,Grazac
81112,Labastide-de-Lévis
81117,Labessière-Candeil
81136,Larroque
81148,Loubers
81171,Montans
81197,Noailles
81215,Puybegon
81225,Rivières
81243,Saint-Beauzile
81246,Sainte-Cécile-du-Cayrou
81248,Saint-Gauzens
81276,Salvagnac
81283,Senouillac
81313,Le Verdier
81316,Vieux
98818,Nouméa
